{
  "version": 2,
  "name": "linebot-admin-system",
  "builds": [
    {
      "src": "api/index.py",
      "use": "@vercel/python",
      "config": {
        "maxLambdaSize": "50mb",
        "runtime": "python3.11",
        "includeFiles": [
          "requirements.txt",
          "api/**"
        ]
      }
    }
  ],
  "routes": [
    {
      "src": "/webhook",
      "dest": "/api/index.py",
      "methods": ["POST"],
      "headers": {
        "cache-control": "s-maxage=0"
      }
    },
    {
      "src": "/",
      "dest": "/api/index.py",
      "methods": ["GET"]
    },
    {
      "src": "/(.*)",
      "dest": "/api/index.py"
    }
  ],
  "env": {
    "LINE_ACCESS_TOKEN": "@line_access_token",
    "LINE_CHANNEL_SECRET": "@line_channel_secret", 
    "SUPABASE_URL": "@supabase_url",
    "SUPABASE_SERVICE_KEY": "@supabase_service_key",
    "PYTHONPATH": "/var/task",
    "FLASK_ENV": "production"
  },
  "functions": {
    "api/index.py": {
      "maxDuration": 30,
      "memory": 1024,
      "runtime": "python3.11"
    }
  },
  "headers": [
    {
      "source": "/webhook",
      "headers": [
        {
          "key": "Access-Control-Allow-Origin",
          "value": "*"
        },
        {
          "key": "Access-Control-Allow-Methods",
          "value": "POST, OPTIONS"
        },
        {
          "key": "Access-Control-Allow-Headers",
          "value": "Content-Type, X-Line-Signature"
        }
      ]
    }
  ],
  "regions": ["sin1"],
  "rewrites": [
    {
      "source": "/webhook",
      "destination": "/api/index.py"
    }
  ]
}